Id,Firstname,Lastname,Email,Id,UserId,StartDate,EndDate,Title,Description,ClientId,ClientsId,UsersId,Id,Firstname,Lastname,PhoneNumber,Email,CompanyName
1,Admin,Admin,Admin@admin.dk,3,1,2024-01-01 11.00.00.0000000,2024-01-01 13.30.00.0000000,My first updated registration,Description is updated,5,3,1,3,Emilie,Geldorf,25970005,geldorf@gmail.com,MyCompany
1,Admin,Admin,Admin@admin.dk,4,1,2024-01-01 14.00.00.0000000,2024-01-01 15.30.00.0000000,My second registration,Description is not required,5,3,1,3,Emilie,Geldorf,25970005,geldorf@gmail.com,MyCompany
1,Admin,Admin,Admin@admin.dk,5,1,2024-01-01 17.00.00.0000000,2024-01-01 19.30.00.0000000,My third registration,Description is not required,5,3,1,3,Emilie,Geldorf,25970005,geldorf@gmail.com,MyCompany
1,Admin,Admin,Admin@admin.dk,3,1,2024-01-01 11.00.00.0000000,2024-01-01 13.30.00.0000000,My first updated registration,Description is updated,5,4,1,4,Joe,Johnson,73849123,Joej@gmail.com,ThatCompany
1,Admin,Admin,Admin@admin.dk,4,1,2024-01-01 14.00.00.0000000,2024-01-01 15.30.00.0000000,My second registration,Description is not required,5,4,1,4,Joe,Johnson,73849123,Joej@gmail.com,ThatCompany
1,Admin,Admin,Admin@admin.dk,5,1,2024-01-01 17.00.00.0000000,2024-01-01 19.30.00.0000000,My third registration,Description is not required,5,4,1,4,Joe,Johnson,73849123,Joej@gmail.com,ThatCompany
1,Admin,Admin,Admin@admin.dk,3,1,2024-01-01 11.00.00.0000000,2024-01-01 13.30.00.0000000,My first updated registration,Description is updated,5,5,1,5,Beb,Bob,94199941,bebbob@gmail.com,WhichCompany
1,Admin,Admin,Admin@admin.dk,4,1,2024-01-01 14.00.00.0000000,2024-01-01 15.30.00.0000000,My second registration,Description is not required,5,5,1,5,Beb,Bob,94199941,bebbob@gmail.com,WhichCompany
1,Admin,Admin,Admin@admin.dk,5,1,2024-01-01 17.00.00.0000000,2024-01-01 19.30.00.0000000,My third registration,Description is not required,5,5,1,5,Beb,Bob,94199941,bebbob@gmail.com,WhichCompany
